{
  "accuracy": 0.9989115550718023,
  "precision": 0.6343283582089553,
  "recall": 0.8673469387755102,
  "f1_score": 0.7327586206896551,
  "auc_roc": 0.984458622362845,
  "avg_precision": 0.8464404081248869,
  "latency_ms_total": 172.87,
  "latency_ms_per": 0.003,
  "confusion_matrix": [
    [
      56815,
      49
    ],
    [
      13,
      85
    ]
  ]
}